{"detector": {"sigma": 53.0, "w_0": 1550.0}, "spdc": {"w_central": 1539.5653904774076, "sigma_p": 647424508247.5522, "temp": 129.09541831276687, "L": 10000000.0, "gamma": 5.46448087431694e-05, "sellmeier_ordinary": {"a1": 5.653, "a2": 0.1185, "a3": 0.2091, "a4": 89.61, "a5": 10.85, "a6": 0.0197, "b1": 7.941e-07, "b2": 3.134e-08, "b3": -4.641e-09, "b4": -2.188e-06}, "sellmeier_extraordinary": {"a1": 5.078, "a2": 0.0964, "a3": 0.2065, "a4": 61.16, "a5": 10.55, "a6": 0.0159, "b1": 4.67e-07, "b2": 7.822e-08, "b3": -2.653e-08, "b4": 0.0001096}}, "A": 9008996.57087768, "signal_filters": {"ch_35": 0.18804102577563514, "ch_36": 0.1796672083195166, "ch_37": 0.17325213190062377, "ch_38": 0.18089659315365375, "ch_39": 0.15625086270514046, "ch_40": 0.18195815033242385, "ch_41": 0.13935850895384183, "ch_42": 0.16505521493633135, "ch_35_wl": 1549.32, "ch_36_wl": 1548.51, "ch_37_wl": 1547.72, "ch_38_wl": 1546.92, "ch_39_wl": 1546.12, "ch_40_wl": 1545.32, "ch_41_wl": 1544.53, "ch_42_wl": 1543.73}, "idler_filters": {"ch_52": 0.2138113905511989, "ch_53": 0.18977528757818807, "ch_54": 0.20561308817363427, "ch_55": 0.18106330724639996, "ch_56": 0.17267851345181617, "ch_57": 0.16330930618006329, "ch_58": 0.1600526113952659, "ch_59": 0.1636347840890483, "ch_52_wl": 1535.82, "ch_53_wl": 1535.04, "ch_54_wl": 1534.25, "ch_55_wl": 1533.47, "ch_56_wl": 1532.68, "ch_57_wl": 1531.9, "ch_58_wl": 1531.12, "ch_59_wl": 1530.33}}