{"coinc_set": [[19.76002601181881, 8.502110492511974, 1.0797176253809504, 0.0, 0.0, 0.0, 0.0, 0.0, 0.0, 0.0, 0.0, 0.0, 0.0, 0.0, 0.0, 0.0], [8.210511972623781, 21.290423855014403, 10.283695830704323, 1.552268345550425, 0.0, 0.0, 0.0, 0.0, 0.0, 0.0, 0.0, 0.0, 0.0, 0.0, 0.0, 0.0], [0.8552205379470712, 10.563967935347314, 21.81769651249416, 10.653303331071687, 1.3062995164162872, 0.0, 0.0, 0.0, 0.0, 0.0, 0.0, 0.0, 0.0, 0.0, 0.0, 0.0], [0.0, 1.2543204573751956, 10.577069316337305, 21.27675075006581, 10.28579990214712, 1.3482630979543653, 0.0, 0.0, 0.0, 0.0, 0.0, 0.0, 0.0, 0.0, 0.0, 0.0], [0.0, 0.0, 1.1122189290164455, 8.819256026223988, 20.85581004256328, 10.309247290145606, 1.8415923055654364, 0.0, 0.0, 0.0, 0.0, 0.0, 0.0, 0.0, 0.0, 0.0], [0.0, 0.0, 0.0, 1.0248893431521215, 8.910941508124196, 22.66114612136843, 12.780105260058415, 1.6472153829679335, 0.0, 0.0, 0.0, 0.0, 0.0, 0.0, 0.0, 0.0], [0.0, 0.0, 0.0, 0.0, 0.9509421897650492, 10.601749217794774, 23.07621178434283, 12.091148385851781, 1.2854881354254764, 0.0, 0.0, 0.0, 0.0, 0.0, 0.0, 0.0], [0.0, 0.0, 0.0, 0.0, 0.0, 1.1878608761021818, 8.810616228707788, 22.779843731078746, 10.448736913834457, 1.3890052201637408, 0.0, 0.0, 0.0, 0.0, 0.0, 0.0], [0.0, 0.0, 0.0, 0.0, 0.0, 0.0, 0.8987033061666101, 9.465361041326943, 21.85000627914137, 9.809797485593666, 1.927916443903693, 0.0, 0.0, 0.0, 0.0, 0.0], [0.0, 0.0, 0.0, 0.0, 0.0, 0.0, 0.0, 0.8024221715054438, 9.867800042055771, 21.65462910675126, 13.790031237424438, 1.4489566181849953, 0.0, 0.0, 0.0, 0.0], [0.0, 0.0, 0.0, 0.0, 0.0, 0.0, 0.0, 0.0, 1.1802409134026406, 9.913612920398368, 20.459958202405268, 9.180490768563018, 1.6658231889799908, 0.0, 0.0, 0.0], [0.0, 0.0, 0.0, 0.0, 0.0, 0.0, 0.0, 0.0, 0.0, 1.1749939061313326, 7.68298064275094, 22.821263942392925, 12.625999933163058, 1.43169551347388, 0.0, 0.0], [0.0, 0.0, 0.0, 0.0, 0.0, 0.0, 0.0, 0.0, 0.0, 0.0, 0.7216136279230561, 9.95428547249599, 19.305097576221936, 8.273061186500735, 1.418030526765847, 0.0], [0.0, 0.0, 0.0, 0.0, 0.0, 0.0, 0.0, 0.0, 0.0, 0.0, 0.0, 1.3801805111193917, 9.290187415493959, 22.14283968744554, 11.850940617788112, 1.5033264622250244], [0.0, 0.0, 0.0, 0.0, 0.0, 0.0, 0.0, 0.0, 0.0, 0.0, 0.0, 0.0, 0.7629451998628882, 8.400978318013982, 17.43101063945328, 8.479108484544353], [0.0, 0.0, 0.0, 0.0, 0.0, 0.0, 0.0, 0.0, 0.0, 0.0, 0.0, 0.0, 0.0, 1.186842001885951, 8.156916432752839, 19.978568270007226]], "singles_A_rate": [241152.37973387158, 254304.3368469355, 263183.6879084396, 270613.642313564, 275809.4935738846, 292591.8347254565, 301521.424208677, 306158.735931023, 307493.75010859297, 310376.40238145366, 317687.74564465333, 327509.18030055356, 329661.6072787363, 333654.52802773827, 336993.8216822777, 341635.639688841], "singles_B_rate": [1270555.61117707, 1223149.5211598724, 1170703.7877336037, 1168038.8943017328, 1090818.4375911579, 1078475.9133022903, 1079158.6320106601, 1085992.2286876985, 1035870.7516949648, 1029479.7355040058, 942137.001837261, 1008891.9716968046, 842478.0723944703, 971596.9507401657, 752200.4247707151, 845612.0635862056], "channels_A": [27, 28, 29, 30, 31, 32, 33, 34, 35, 36, 37, 38, 39, 40, 41, 42], "channels_B": [67, 66, 65, 64, 63, 62, 61, 60, 59, 58, 57, 56, 55, 54, 53, 52], "wl_A": ["1555.75 nm", "1554.94 nm", "1554.13 nm", "1553.33 nm", "1552.52 nm", "1551.72 nm", "1550.92 nm", "1550.12 nm", "1549.32 nm", "1548.51 nm", "1547.72 nm", "1546.92 nm", "1546.12 nm", "1545.32 nm", "1544.53 nm", "1543.73 nm"], "wl_B": ["1535.82 nm", "1535.04 nm", "1534.25 nm", "1533.47 nm", "1532.68 nm", "1531.90 nm", "1531.12 nm", "1530.33 nm", "1529.55 nm", "1528.77 nm", "1527.99 nm", "1527.22 nm", "1526.44 nm", "1525.66 nm", "1524.89 nm", "1524.11 nm"]}