{"coinc_set": [[68.49316822143099, 32.90967710820009, 4.3402825151051525, 0.0, 0.0, 0.0, 0.0, 0.0], [25.704369731134783, 65.60157078404711, 37.982159550126035, 5.4290341351068765, 0.0, 0.0, 0.0, 0.0], [2.6750483457327787, 25.36814521314874, 62.87730612766437, 32.25910667890764, 4.701946048049972, 0.0, 0.0, 0.0], [0.0, 2.555460926726655, 27.64615841450046, 69.48834088704429, 40.21725709655292, 6.909493465414684, 0.0, 0.0], [0.0, 0.0, 2.536856050670916, 25.62445666131954, 63.689929076861965, 36.27215455381251, 4.0087301451936455, 0.0], [0.0, 0.0, 0.0, 2.834182143905568, 29.04863906792939, 82.36173635326507, 37.63650938812833, 5.151260601843531], [0.0, 0.0, 0.0, 0.0, 2.2352554519237757, 23.926337520246893, 61.042955396823416, 30.513805235723286], [0.0, 0.0, 0.0, 0.0, 0.0, 2.65849681932379, 27.13751698465586, 72.9122759759986]], "singles_A_rate": [947506.7816395424, 908605.8280293313, 955672.4284163775, 964518.4651839625, 1052340.7908836026, 1154154.358310535, 1077514.36087079, 1220875.0835455125], "singles_B_rate": [1032701.1239956581, 1039981.4620841458, 953713.4685710326, 1029696.6640426054, 876244.6744804699, 1009865.827556585, 796651.4454410396, 901759.5120014172], "wl_A": [1549.32, 1548.51, 1547.72, 1546.92, 1546.12, 1545.32, 1544.53, 1543.73], "wl_B": [1535.82, 1535.04, 1534.25, 1533.47, 1532.68, 1531.9, 1531.12, 1530.33]}